threshold,true_positives,false_positives,true_negatives,false_negatives,sensitivity,specificity,precision,f1,mcc,balanced_accuracy
-1.0,0,0,888,358,0.0,1.0,0.0,0.0,0.0,0.5
1.4e-05,1,0,888,357,0.0028,1.0,1.0,0.0056,0.0446,0.5014
1.5e-05,2,0,888,356,0.0056,1.0,1.0,0.0111,0.0631,0.5028
2.1e-05,3,0,888,355,0.0084,1.0,1.0,0.0166,0.0774,0.5042
3e-05,4,0,888,354,0.0112,1.0,1.0,0.0221,0.0894,0.5056
3.9e-05,5,0,888,353,0.014,1.0,1.0,0.0275,0.1,0.507
7e-05,6,0,888,352,0.0168,1.0,1.0,0.033,0.1096,0.5084
9.2e-05,7,0,888,351,0.0196,1.0,1.0,0.0384,0.1184,0.5098
9.7e-05,8,0,888,350,0.0223,1.0,1.0,0.0437,0.1266,0.5112
0.0001,9,0,888,349,0.0251,1.0,1.0,0.049,0.1343,0.5126
0.00014,10,0,888,348,0.0279,1.0,1.0,0.0543,0.1417,0.514
0.00017,12,0,888,346,0.0335,1.0,1.0,0.0649,0.1553,0.5168
0.00023,13,0,888,345,0.0363,1.0,1.0,0.0701,0.1617,0.5182
0.00027,14,0,888,344,0.0391,1.0,1.0,0.0753,0.1679,0.5196
0.00031,14,1,887,344,0.0391,0.9989,0.9333,0.0751,0.1576,0.519
0.00039,17,1,887,341,0.0475,0.9989,0.9444,0.0904,0.1758,0.5232
0.00042,18,1,887,340,0.0503,0.9989,0.9474,0.0955,0.1815,0.5246
0.00043,19,1,887,339,0.0531,0.9989,0.95,0.1005,0.187,0.526
0.00046,20,1,887,338,0.0559,0.9989,0.9524,0.1055,0.1924,0.5274
0.00048,22,1,887,336,0.0615,0.9989,0.9565,0.1155,0.2028,0.5302
0.00052,23,1,887,335,0.0642,0.9989,0.9583,0.1204,0.2078,0.5316
0.00053,24,1,887,334,0.067,0.9989,0.96,0.1253,0.2127,0.533
0.00064,25,1,887,333,0.0698,0.9989,0.9615,0.1302,0.2175,0.5344
0.00073,26,1,887,332,0.0726,0.9989,0.963,0.1351,0.2222,0.5357
0.00085,27,1,887,331,0.0754,0.9989,0.9643,0.1399,0.2268,0.5371
0.00091,28,1,887,330,0.0782,0.9989,0.9655,0.1447,0.2314,0.5385
0.001,29,1,887,329,0.081,0.9989,0.9667,0.1495,0.2358,0.5399
0.0011,32,1,887,326,0.0894,0.9989,0.9697,0.1637,0.2487,0.5441
0.0012,34,1,887,324,0.095,0.9989,0.9714,0.173,0.257,0.5469
0.0013,36,1,887,322,0.1006,0.9989,0.973,0.1823,0.2651,0.5497
0.0014,39,1,887,319,0.1089,0.9989,0.975,0.196,0.2768,0.5539
0.0015,42,1,887,316,0.1173,0.9989,0.9767,0.2095,0.288,0.5581
0.0016,45,1,887,313,0.1257,0.9989,0.9783,0.2228,0.299,0.5623
0.0017,48,1,887,310,0.1341,0.9989,0.9796,0.2359,0.3095,0.5665
0.0018,49,1,887,309,0.1369,0.9989,0.98,0.2402,0.313,0.5679
0.002,51,1,887,307,0.1425,0.9989,0.9808,0.2488,0.3198,0.5707
0.0023,52,1,887,306,0.1453,0.9989,0.9811,0.253,0.3232,0.5721
0.0025,54,1,887,304,0.1508,0.9989,0.9818,0.2615,0.3298,0.5749
0.0026,54,2,886,304,0.1508,0.9977,0.9643,0.2609,0.3245,0.5743
0.0027,57,2,886,301,0.1592,0.9977,0.9661,0.2734,0.3344,0.5785
0.0028,58,2,886,300,0.162,0.9977,0.9667,0.2775,0.3377,0.5799
0.0029,61,3,885,297,0.1704,0.9966,0.9531,0.2891,0.3424,0.5835
0.0031,62,3,885,296,0.1732,0.9966,0.9538,0.2931,0.3456,0.5849
0.0032,63,3,885,295,0.176,0.9966,0.9545,0.2972,0.3487,0.5863
0.0034,64,3,885,294,0.1788,0.9966,0.9552,0.3012,0.3519,0.5877
0.0036,65,3,885,293,0.1816,0.9966,0.9559,0.3052,0.355,0.5891
0.0042,66,3,885,292,0.1844,0.9966,0.9565,0.3091,0.3581,0.5905
0.0044,67,3,885,291,0.1872,0.9966,0.9571,0.3131,0.3611,0.5919
0.0045,68,3,885,290,0.1899,0.9966,0.9577,0.317,0.3642,0.5933
0.0047,70,3,885,288,0.1955,0.9966,0.9589,0.3248,0.3702,0.5961
0.0049,71,3,885,287,0.1983,0.9966,0.9595,0.3287,0.3732,0.5975
0.005,74,3,885,284,0.2067,0.9966,0.961,0.3402,0.3821,0.6017
0.0053,76,3,885,282,0.2123,0.9966,0.962,0.3478,0.3879,0.6045
0.0054,77,3,885,281,0.2151,0.9966,0.9625,0.3516,0.3908,0.6059
0.0058,77,4,884,281,0.2151,0.9955,0.9506,0.3508,0.3865,0.6053
0.0061,78,4,884,280,0.2179,0.9955,0.9512,0.3545,0.3894,0.6067
0.0066,79,4,884,279,0.2207,0.9955,0.9518,0.3583,0.3923,0.6081
0.007,79,5,883,279,0.2207,0.9944,0.9405,0.3575,0.3881,0.6075
0.0071,80,5,883,278,0.2235,0.9944,0.9412,0.3612,0.391,0.6089
0.0072,82,5,883,276,0.2291,0.9944,0.9425,0.3685,0.3967,0.6117
0.0075,83,5,883,275,0.2318,0.9944,0.9432,0.3722,0.3995,0.6131
0.0078,84,5,883,274,0.2346,0.9944,0.9438,0.3758,0.4024,0.6145
0.0079,85,5,883,273,0.2374,0.9944,0.9444,0.3795,0.4052,0.6159
0.0083,86,5,883,272,0.2402,0.9944,0.9451,0.3831,0.408,0.6173
0.0084,87,5,883,271,0.243,0.9944,0.9457,0.3867,0.4108,0.6187
0.0087,88,5,883,270,0.2458,0.9944,0.9462,0.3902,0.4135,0.6201
0.0088,89,5,883,269,0.2486,0.9944,0.9468,0.3938,0.4163,0.6215
0.0091,90,5,883,268,0.2514,0.9944,0.9474,0.3974,0.4191,0.6229
0.0094,91,5,883,267,0.2542,0.9944,0.9479,0.4009,0.4218,0.6243
0.0095,92,5,883,266,0.257,0.9944,0.9485,0.4044,0.4245,0.6257
0.0099,93,5,883,265,0.2598,0.9944,0.949,0.4079,0.4272,0.6271
0.01,95,5,883,263,0.2654,0.9944,0.95,0.4148,0.4326,0.6299
0.011,98,6,882,260,0.2737,0.9932,0.9423,0.4242,0.4368,0.6335
0.012,104,6,882,254,0.2905,0.9932,0.9455,0.4444,0.4526,0.6419
0.013,105,6,882,253,0.2933,0.9932,0.9459,0.4478,0.4552,0.6433
0.014,107,7,881,251,0.2989,0.9921,0.9386,0.4534,0.4567,0.6455
0.015,111,7,881,247,0.3101,0.9921,0.9407,0.4664,0.467,0.6511
0.016,114,7,881,244,0.3184,0.9921,0.9421,0.476,0.4746,0.6553
0.017,116,8,880,242,0.324,0.991,0.9355,0.4813,0.4762,0.6575
0.018,118,8,880,240,0.3296,0.991,0.9365,0.4876,0.4812,0.6603
0.019,121,9,879,237,0.338,0.9899,0.9308,0.4959,0.4853,0.6639
0.02,122,9,879,236,0.3408,0.9899,0.9313,0.499,0.4878,0.6653
0.021,123,11,877,235,0.3436,0.9876,0.9179,0.5,0.4837,0.6656
0.022,126,11,877,232,0.352,0.9876,0.9197,0.5091,0.4912,0.6698
0.024,127,11,877,231,0.3547,0.9876,0.9203,0.5121,0.4937,0.6712
0.025,128,11,877,230,0.3575,0.9876,0.9209,0.5151,0.4961,0.6726
0.026,129,12,876,229,0.3603,0.9865,0.9149,0.517,0.4954,0.6734
0.027,130,12,876,228,0.3631,0.9865,0.9155,0.52,0.4979,0.6748
0.028,131,13,875,227,0.3659,0.9854,0.9097,0.5219,0.4972,0.6756
0.029,133,14,874,225,0.3715,0.9842,0.9048,0.5267,0.499,0.6779
0.03,134,15,873,224,0.3743,0.9831,0.8993,0.5286,0.4984,0.6787
0.031,137,15,873,221,0.3827,0.9831,0.9013,0.5373,0.5058,0.6829
0.032,138,15,873,220,0.3855,0.9831,0.902,0.5401,0.5082,0.6843
0.034,141,15,873,217,0.3939,0.9831,0.9038,0.5486,0.5154,0.6885
0.035,142,16,872,216,0.3966,0.982,0.8987,0.5504,0.5149,0.6893
0.036,143,16,872,215,0.3994,0.982,0.8994,0.5532,0.5173,0.6907
0.038,144,16,872,214,0.4022,0.982,0.9,0.556,0.5197,0.6921
0.04,146,17,871,212,0.4078,0.9809,0.8957,0.5605,0.5216,0.6943
0.043,147,17,871,211,0.4106,0.9809,0.8963,0.5632,0.524,0.6957
0.044,148,17,871,210,0.4134,0.9809,0.897,0.566,0.5264,0.6971
0.045,149,17,871,209,0.4162,0.9809,0.8976,0.5687,0.5287,0.6985
0.046,151,17,871,207,0.4218,0.9809,0.8988,0.5741,0.5335,0.7013
0.05,152,17,871,206,0.4246,0.9809,0.8994,0.5769,0.5358,0.7027
0.052,152,18,870,206,0.4246,0.9797,0.8941,0.5758,0.533,0.7022
0.053,153,18,870,205,0.4274,0.9797,0.8947,0.5784,0.5354,0.7036
0.055,154,18,870,204,0.4302,0.9797,0.8953,0.5811,0.5377,0.7049
0.057,155,18,870,203,0.433,0.9797,0.896,0.5838,0.5401,0.7063
0.058,155,19,869,203,0.433,0.9786,0.8908,0.5827,0.5373,0.7058
0.059,157,19,869,201,0.4385,0.9786,0.892,0.588,0.542,0.7086
0.06,160,21,867,198,0.4469,0.9764,0.884,0.5937,0.5436,0.7116
0.063,161,21,867,197,0.4497,0.9764,0.8846,0.5963,0.5459,0.713
0.064,162,21,867,196,0.4525,0.9764,0.8852,0.5989,0.5482,0.7144
0.065,162,22,866,196,0.4525,0.9752,0.8804,0.5978,0.5456,0.7139
0.066,163,22,866,195,0.4553,0.9752,0.8811,0.6004,0.5479,0.7153
0.067,165,22,866,193,0.4609,0.9752,0.8824,0.6055,0.5526,0.7181
0.068,166,22,866,192,0.4637,0.9752,0.883,0.6081,0.5549,0.7195
0.069,166,23,865,192,0.4637,0.9741,0.8783,0.6069,0.5523,0.7189
0.07,166,24,864,192,0.4637,0.973,0.8737,0.6058,0.5496,0.7183
0.071,167,24,864,191,0.4665,0.973,0.8743,0.6084,0.552,0.7197
0.076,168,24,864,190,0.4693,0.973,0.875,0.6109,0.5543,0.7211
0.078,169,24,864,189,0.4721,0.973,0.8756,0.6134,0.5566,0.7225
0.083,170,24,864,188,0.4749,0.973,0.8763,0.6159,0.5589,0.7239
0.087,171,24,864,187,0.4777,0.973,0.8769,0.6184,0.5612,0.7253
0.088,172,24,864,186,0.4804,0.973,0.8776,0.6209,0.5635,0.7267
0.089,174,24,864,184,0.486,0.973,0.8788,0.6259,0.5681,0.7295
0.091,174,25,863,184,0.486,0.9718,0.8744,0.6248,0.5656,0.7289
0.092,175,25,863,183,0.4888,0.9718,0.875,0.6272,0.5679,0.7303
0.096,176,25,863,182,0.4916,0.9718,0.8756,0.6297,0.5702,0.7317
0.097,177,25,863,181,0.4944,0.9718,0.8762,0.6321,0.5725,0.7331
0.099,178,25,863,180,0.4972,0.9718,0.8768,0.6346,0.5748,0.7345
0.1,179,27,861,179,0.5,0.9696,0.8689,0.6348,0.572,0.7348
0.11,183,29,859,175,0.5112,0.9673,0.8632,0.6421,0.5763,0.7393
0.12,184,29,859,174,0.514,0.9673,0.8638,0.6445,0.5785,0.7407
0.13,187,31,857,171,0.5223,0.9651,0.8578,0.6493,0.5806,0.7437
0.14,192,32,856,166,0.5363,0.964,0.8571,0.6598,0.5895,0.7501
0.15,193,32,856,165,0.5391,0.964,0.8578,0.6621,0.5918,0.7515
0.16,194,33,855,164,0.5419,0.9628,0.8546,0.6632,0.5917,0.7524
0.17,197,33,855,161,0.5503,0.9628,0.8565,0.6701,0.5985,0.7566
0.18,201,35,853,157,0.5615,0.9606,0.8517,0.6768,0.6029,0.761
0.19,205,35,853,153,0.5726,0.9606,0.8542,0.6856,0.6118,0.7666
0.2,205,37,851,153,0.5726,0.9583,0.8471,0.6833,0.6073,0.7655
0.21,209,38,850,149,0.5838,0.9572,0.8462,0.6909,0.6141,0.7705
0.22,211,40,848,147,0.5894,0.955,0.8406,0.6929,0.6141,0.7722
0.23,215,42,846,143,0.6006,0.9527,0.8366,0.6992,0.6187,0.7766
0.24,215,43,845,143,0.6006,0.9516,0.8333,0.6981,0.6166,0.7761
0.25,217,43,845,141,0.6061,0.9516,0.8346,0.7023,0.6211,0.7789
0.26,218,45,843,140,0.6089,0.9493,0.8289,0.7021,0.6191,0.7791
0.27,219,48,840,139,0.6117,0.9459,0.8202,0.7008,0.615,0.7788
0.28,222,48,840,136,0.6201,0.9459,0.8222,0.707,0.6217,0.783
0.29,223,50,838,135,0.6229,0.9437,0.8168,0.7068,0.6198,0.7833
0.31,230,50,838,128,0.6425,0.9437,0.8214,0.721,0.6355,0.7931
0.32,230,51,837,128,0.6425,0.9426,0.8185,0.7199,0.6334,0.7925
0.34,233,52,836,125,0.6508,0.9414,0.8175,0.7247,0.6381,0.7961
0.35,234,52,836,124,0.6536,0.9414,0.8182,0.7267,0.6403,0.7975
0.37,235,52,836,123,0.6564,0.9414,0.8188,0.7287,0.6425,0.7989
0.39,237,52,836,121,0.662,0.9414,0.8201,0.7326,0.647,0.8017
0.4,238,52,836,120,0.6648,0.9414,0.8207,0.7346,0.6492,0.8031
0.42,240,52,836,118,0.6704,0.9414,0.8219,0.7385,0.6536,0.8059
0.45,240,54,834,118,0.6704,0.9392,0.8163,0.7362,0.6497,0.8048
0.46,241,55,833,117,0.6732,0.9381,0.8142,0.737,0.6499,0.8056
0.47,242,56,832,116,0.676,0.9369,0.8121,0.7378,0.6502,0.8065
0.48,242,57,831,116,0.676,0.9358,0.8094,0.7367,0.6482,0.8059
0.49,242,58,830,116,0.676,0.9347,0.8067,0.7356,0.6463,0.8053
0.5,243,58,830,115,0.6788,0.9347,0.8073,0.7375,0.6485,0.8067
0.51,244,58,830,114,0.6816,0.9347,0.8079,0.7394,0.6508,0.8081
0.52,244,60,828,114,0.6816,0.9324,0.8026,0.7372,0.6469,0.807
0.53,244,61,827,114,0.6816,0.9313,0.8,0.736,0.645,0.8064
0.54,244,62,826,114,0.6816,0.9302,0.7974,0.7349,0.6431,0.8059
0.55,244,64,824,114,0.6816,0.9279,0.7922,0.7327,0.6394,0.8047
0.56,245,66,822,113,0.6844,0.9257,0.7878,0.7324,0.6378,0.805
0.57,246,67,821,112,0.6872,0.9245,0.7859,0.7332,0.6382,0.8059
0.58,247,67,821,111,0.6899,0.9245,0.7866,0.7351,0.6405,0.8072
0.59,248,67,821,110,0.6927,0.9245,0.7873,0.737,0.6427,0.8086
0.62,250,68,820,108,0.6983,0.9234,0.7862,0.7396,0.6453,0.8109
0.63,250,69,819,108,0.6983,0.9223,0.7837,0.7386,0.6435,0.8103
0.67,253,69,819,105,0.7067,0.9223,0.7857,0.7441,0.6502,0.8145
0.68,253,71,817,105,0.7067,0.92,0.7809,0.7419,0.6466,0.8134
0.69,253,72,816,105,0.7067,0.9189,0.7785,0.7408,0.6447,0.8128
0.7,255,72,816,103,0.7123,0.9189,0.7798,0.7445,0.6492,0.8156
0.71,256,72,816,102,0.7151,0.9189,0.7805,0.7464,0.6514,0.817
0.72,257,72,816,101,0.7179,0.9189,0.7812,0.7482,0.6537,0.8184
0.74,259,72,816,99,0.7235,0.9189,0.7825,0.7518,0.6581,0.8212
0.8,259,74,814,99,0.7235,0.9167,0.7778,0.7496,0.6546,0.8201
0.81,259,75,813,99,0.7235,0.9155,0.7754,0.7486,0.6528,0.8195
0.83,259,77,811,99,0.7235,0.9133,0.7708,0.7464,0.6493,0.8184
0.86,260,77,811,98,0.7263,0.9133,0.7715,0.7482,0.6515,0.8198
0.87,261,77,811,97,0.7291,0.9133,0.7722,0.75,0.6537,0.8212
0.9,262,78,810,96,0.7318,0.9122,0.7706,0.7507,0.6542,0.822
0.91,262,79,809,96,0.7318,0.911,0.7683,0.7496,0.6525,0.8214
0.92,263,81,807,95,0.7346,0.9088,0.7645,0.7493,0.6513,0.8217
0.94,263,82,806,95,0.7346,0.9077,0.7623,0.7482,0.6495,0.8211
0.95,263,83,805,95,0.7346,0.9065,0.7601,0.7472,0.6478,0.8206
0.96,264,83,805,94,0.7374,0.9065,0.7608,0.7489,0.6501,0.822
0.98,264,84,804,94,0.7374,0.9054,0.7586,0.7479,0.6484,0.8214
0.99,264,86,802,94,0.7374,0.9032,0.7543,0.7458,0.645,0.8203
1.0,267,89,799,91,0.7458,0.8998,0.75,0.7479,0.6467,0.8228
1.1,270,94,794,88,0.7542,0.8941,0.7418,0.7479,0.6452,0.8242
1.2,271,96,792,87,0.757,0.8919,0.7384,0.7476,0.6441,0.8244
1.3,273,99,789,85,0.7626,0.8885,0.7339,0.7479,0.6438,0.8255
1.4,274,106,782,84,0.7654,0.8806,0.7211,0.7425,0.6349,0.823
1.5,274,108,780,84,0.7654,0.8784,0.7173,0.7405,0.6318,0.8219
1.6,275,110,778,83,0.7682,0.8761,0.7143,0.7402,0.6309,0.8221
1.7,278,111,777,80,0.7765,0.875,0.7147,0.7443,0.6362,0.8258
1.8,279,112,776,79,0.7793,0.8739,0.7136,0.745,0.637,0.8266
1.9,281,121,767,77,0.7849,0.8637,0.699,0.7395,0.6279,0.8243
2.0,282,122,766,76,0.7877,0.8626,0.698,0.7402,0.6287,0.8252
2.1,283,124,764,75,0.7905,0.8604,0.6953,0.7399,0.628,0.8254
2.2,284,126,762,74,0.7933,0.8581,0.6927,0.7396,0.6273,0.8257
2.3,287,127,761,71,0.8017,0.857,0.6932,0.7435,0.6328,0.8293
2.4,289,130,758,69,0.8073,0.8536,0.6897,0.7439,0.633,0.8304
2.5,291,131,757,67,0.8128,0.8525,0.6896,0.7462,0.6362,0.8327
2.6,291,134,754,67,0.8128,0.8491,0.6847,0.7433,0.6318,0.831
2.7,292,134,754,66,0.8156,0.8491,0.6854,0.7449,0.6341,0.8324
2.8,292,139,749,66,0.8156,0.8435,0.6775,0.7402,0.627,0.8296
2.9,292,140,748,66,0.8156,0.8423,0.6759,0.7392,0.6256,0.829
3.0,292,141,747,66,0.8156,0.8412,0.6744,0.7383,0.6242,0.8284
3.2,292,142,746,66,0.8156,0.8401,0.6728,0.7374,0.6228,0.8279
3.3,293,144,744,65,0.8184,0.8378,0.6705,0.7371,0.6223,0.8281
3.4,296,145,743,62,0.8268,0.8367,0.6712,0.7409,0.6279,0.8318
3.6,296,148,740,62,0.8268,0.8333,0.6667,0.7382,0.6238,0.8301
3.7,297,151,737,61,0.8296,0.83,0.6629,0.737,0.622,0.8298
3.8,298,152,736,60,0.8324,0.8288,0.6622,0.7376,0.6229,0.8306
4.0,298,153,735,60,0.8324,0.8277,0.6608,0.7367,0.6216,0.8301
4.1,299,154,734,59,0.8352,0.8266,0.66,0.7374,0.6225,0.8309
4.2,299,155,733,59,0.8352,0.8255,0.6586,0.7365,0.6212,0.8303
4.3,302,155,733,56,0.8436,0.8255,0.6608,0.7411,0.6282,0.8345
4.4,302,158,730,56,0.8436,0.8221,0.6565,0.7384,0.6242,0.8328
4.5,302,159,729,56,0.8436,0.8209,0.6551,0.7375,0.6228,0.8323
4.6,302,161,727,56,0.8436,0.8187,0.6523,0.7357,0.6202,0.8311
4.7,303,162,726,55,0.8464,0.8176,0.6516,0.7363,0.6212,0.832
4.8,303,163,725,55,0.8464,0.8164,0.6502,0.7354,0.6199,0.8314
4.9,304,164,724,54,0.8492,0.8153,0.6496,0.7361,0.6209,0.8322
5.0,306,164,724,52,0.8547,0.8153,0.6511,0.7391,0.6256,0.835
5.1,308,164,724,50,0.8603,0.8153,0.6525,0.7422,0.6303,0.8378
5.2,308,165,723,50,0.8603,0.8142,0.6512,0.7413,0.629,0.8373
5.3,308,166,722,50,0.8603,0.8131,0.6498,0.7404,0.6277,0.8367
5.4,311,166,722,47,0.8687,0.8131,0.652,0.7449,0.6347,0.8409
5.5,311,167,721,47,0.8687,0.8119,0.6506,0.744,0.6334,0.8403
5.6,312,167,721,46,0.8715,0.8119,0.6514,0.7455,0.6357,0.8417
5.7,312,168,720,46,0.8715,0.8108,0.65,0.7446,0.6345,0.8412
5.8,313,169,719,45,0.8743,0.8097,0.6494,0.7452,0.6355,0.842
5.9,313,172,716,45,0.8743,0.8063,0.6454,0.7426,0.6317,0.8403
6.0,315,173,715,43,0.8799,0.8052,0.6455,0.7447,0.6351,0.8425
6.1,316,173,715,42,0.8827,0.8052,0.6462,0.7462,0.6375,0.8439
6.2,316,176,712,42,0.8827,0.8018,0.6423,0.7435,0.6336,0.8422
6.5,316,178,710,42,0.8827,0.7995,0.6397,0.7418,0.6311,0.8411
6.7,316,179,709,42,0.8827,0.7984,0.6384,0.7409,0.6299,0.8406
6.9,316,182,706,42,0.8827,0.795,0.6345,0.7383,0.6261,0.8389
7.0,317,183,705,41,0.8855,0.7939,0.634,0.7389,0.6272,0.8397
7.1,318,183,705,40,0.8883,0.7939,0.6347,0.7404,0.6296,0.8411
7.2,318,185,703,40,0.8883,0.7917,0.6322,0.7387,0.6271,0.84
7.6,318,186,702,40,0.8883,0.7905,0.631,0.7378,0.6259,0.8394
7.9,318,188,700,40,0.8883,0.7883,0.6285,0.7361,0.6234,0.8383
8.0,318,189,699,40,0.8883,0.7872,0.6272,0.7353,0.6222,0.8377
8.1,318,190,698,40,0.8883,0.786,0.626,0.7344,0.6209,0.8372
8.4,318,192,696,40,0.8883,0.7838,0.6235,0.7327,0.6185,0.836
8.5,318,193,695,40,0.8883,0.7827,0.6223,0.7319,0.6173,0.8355
8.8,319,193,695,39,0.8911,0.7827,0.623,0.7333,0.6196,0.8369
8.9,319,195,693,39,0.8911,0.7804,0.6206,0.7317,0.6172,0.8357
9.0,319,196,692,39,0.8911,0.7793,0.6194,0.7308,0.616,0.8352
9.2,319,197,691,39,0.8911,0.7782,0.6182,0.73,0.6148,0.8346
9.4,319,199,689,39,0.8911,0.7759,0.6158,0.7283,0.6124,0.8335
9.5,319,201,687,39,0.8911,0.7736,0.6135,0.7267,0.61,0.8324
9.6,319,202,686,39,0.8911,0.7725,0.6123,0.7258,0.6088,0.8318
9.9,320,202,686,38,0.8939,0.7725,0.613,0.7273,0.6112,0.8332
10.0,321,204,684,37,0.8966,0.7703,0.6114,0.7271,0.6112,0.8335
11.0,321,212,676,37,0.8966,0.7613,0.6023,0.7205,0.6017,0.829
12.0,322,220,668,36,0.8994,0.7523,0.5941,0.7156,0.5948,0.8258
13.0,323,228,660,35,0.9022,0.7432,0.5862,0.7107,0.5881,0.8227
14.0,324,232,656,34,0.905,0.7387,0.5827,0.709,0.586,0.8219
15.0,324,235,653,34,0.905,0.7354,0.5796,0.7067,0.5826,0.8202
16.0,324,239,649,34,0.905,0.7309,0.5755,0.7036,0.5782,0.8179
17.0,325,240,648,33,0.9078,0.7297,0.5752,0.7042,0.5795,0.8188
18.0,327,247,641,31,0.9134,0.7218,0.5697,0.7017,0.5767,0.8176
19.0,327,251,637,31,0.9134,0.7173,0.5657,0.6987,0.5723,0.8154
20.0,328,257,631,30,0.9162,0.7106,0.5607,0.6957,0.5683,0.8134
21.0,328,262,626,30,0.9162,0.705,0.5559,0.692,0.563,0.8106
22.0,328,268,620,30,0.9162,0.6982,0.5503,0.6876,0.5566,0.8072
23.0,330,272,616,28,0.9218,0.6937,0.5482,0.6875,0.5573,0.8077
24.0,330,276,612,28,0.9218,0.6892,0.5446,0.6846,0.5532,0.8055
25.0,330,279,609,28,0.9218,0.6858,0.5419,0.6825,0.55,0.8038
26.0,331,282,606,27,0.9246,0.6824,0.54,0.6818,0.5494,0.8035
27.0,332,285,603,26,0.9274,0.6791,0.5381,0.681,0.5489,0.8032
28.0,333,290,598,25,0.9302,0.6734,0.5345,0.6789,0.5463,0.8018
29.0,333,292,596,25,0.9302,0.6712,0.5328,0.6775,0.5442,0.8007
30.0,334,294,594,24,0.933,0.6689,0.5318,0.6775,0.5447,0.8009
31.0,334,298,590,24,0.933,0.6644,0.5285,0.6747,0.5407,0.7987
32.0,334,299,589,24,0.933,0.6633,0.5276,0.6741,0.5397,0.7981
33.0,335,301,587,23,0.9358,0.661,0.5267,0.674,0.5402,0.7984
35.0,335,303,585,23,0.9358,0.6588,0.5251,0.6727,0.5382,0.7973
36.0,335,306,582,23,0.9358,0.6554,0.5226,0.6707,0.5352,0.7956
37.0,335,307,581,23,0.9358,0.6543,0.5218,0.67,0.5342,0.795
38.0,336,311,577,22,0.9385,0.6498,0.5193,0.6687,0.5328,0.7942
39.0,336,313,575,22,0.9385,0.6475,0.5177,0.6673,0.5309,0.793
41.0,336,316,572,22,0.9385,0.6441,0.5153,0.6653,0.5279,0.7913
42.0,336,319,569,22,0.9385,0.6408,0.513,0.6634,0.525,0.7897
43.0,336,321,567,22,0.9385,0.6385,0.5114,0.6621,0.523,0.7885
44.0,336,323,565,22,0.9385,0.6363,0.5099,0.6608,0.5211,0.7874
45.0,337,325,563,21,0.9413,0.634,0.5091,0.6608,0.5217,0.7877
46.0,337,328,560,21,0.9413,0.6306,0.5068,0.6588,0.5188,0.786
47.0,337,329,559,21,0.9413,0.6295,0.506,0.6582,0.5179,0.7854
48.0,337,331,557,21,0.9413,0.6273,0.5045,0.6569,0.5159,0.7843
49.0,337,333,555,21,0.9413,0.625,0.503,0.6556,0.514,0.7832
50.0,337,334,554,21,0.9413,0.6239,0.5022,0.655,0.5131,0.7826
52.0,337,338,550,21,0.9413,0.6194,0.4993,0.6525,0.5092,0.7804
54.0,339,340,548,19,0.9469,0.6171,0.4993,0.6538,0.5125,0.782
56.0,339,342,546,19,0.9469,0.6149,0.4978,0.6526,0.5107,0.7809
57.0,340,344,544,18,0.9497,0.6126,0.4971,0.6526,0.5114,0.7812
58.0,340,345,543,18,0.9497,0.6115,0.4964,0.652,0.5104,0.7806
59.0,340,347,541,18,0.9497,0.6092,0.4949,0.6507,0.5086,0.7795
60.0,340,348,540,18,0.9497,0.6081,0.4942,0.6501,0.5076,0.7789
61.0,340,350,538,18,0.9497,0.6059,0.4928,0.6489,0.5057,0.7778
62.0,340,353,535,18,0.9497,0.6025,0.4906,0.647,0.5029,0.7761
63.0,340,355,533,18,0.9497,0.6002,0.4892,0.6458,0.5011,0.775
64.0,340,359,529,18,0.9497,0.5957,0.4864,0.6433,0.4974,0.7727
65.0,340,360,528,18,0.9497,0.5946,0.4857,0.6427,0.4964,0.7722
66.0,340,361,527,18,0.9497,0.5935,0.485,0.6421,0.4955,0.7716
67.0,340,366,522,18,0.9497,0.5878,0.4816,0.6391,0.4909,0.7688
68.0,341,368,520,17,0.9525,0.5856,0.481,0.6392,0.4917,0.769
69.0,342,370,518,16,0.9553,0.5833,0.4803,0.6393,0.4925,0.7693
70.0,342,376,512,16,0.9553,0.5766,0.4763,0.6357,0.4871,0.7659
71.0,342,378,510,16,0.9553,0.5743,0.475,0.6345,0.4852,0.7648
72.0,342,379,509,16,0.9553,0.5732,0.4743,0.6339,0.4843,0.7643
74.0,342,382,506,16,0.9553,0.5698,0.4724,0.6322,0.4816,0.7626
76.0,342,383,505,16,0.9553,0.5687,0.4717,0.6316,0.4807,0.762
77.0,342,384,504,16,0.9553,0.5676,0.4711,0.631,0.4798,0.7614
78.0,342,386,502,16,0.9553,0.5653,0.4698,0.6298,0.478,0.7603
79.0,342,387,501,16,0.9553,0.5642,0.4691,0.6293,0.4771,0.7597
81.0,342,389,499,16,0.9553,0.5619,0.4679,0.6281,0.4753,0.7586
83.0,342,390,498,16,0.9553,0.5608,0.4672,0.6275,0.4744,0.7581
84.0,342,391,497,16,0.9553,0.5597,0.4666,0.6269,0.4735,0.7575
85.0,342,393,495,16,0.9553,0.5574,0.4653,0.6258,0.4717,0.7564
86.0,343,395,493,15,0.9581,0.5552,0.4648,0.6259,0.4727,0.7566
87.0,343,399,489,15,0.9581,0.5507,0.4623,0.6236,0.4691,0.7544
88.0,343,402,486,15,0.9581,0.5473,0.4604,0.6219,0.4664,0.7527
89.0,343,403,485,15,0.9581,0.5462,0.4598,0.6214,0.4655,0.7521
91.0,343,406,482,15,0.9581,0.5428,0.4579,0.6197,0.4629,0.7504
92.0,343,408,480,15,0.9581,0.5405,0.4567,0.6186,0.4611,0.7493
93.0,343,410,478,15,0.9581,0.5383,0.4555,0.6175,0.4594,0.7482
94.0,343,412,476,15,0.9581,0.536,0.4543,0.6164,0.4576,0.7471
95.0,343,414,474,15,0.9581,0.5338,0.4531,0.6152,0.4558,0.7459
96.0,343,416,472,15,0.9581,0.5315,0.4519,0.6141,0.4541,0.7448
97.0,343,419,469,15,0.9581,0.5282,0.4501,0.6125,0.4515,0.7431
98.0,343,420,468,15,0.9581,0.527,0.4495,0.612,0.4506,0.7426
99.0,343,421,467,15,0.9581,0.5259,0.449,0.6114,0.4497,0.742
100.0,343,428,460,15,0.9581,0.518,0.4449,0.6076,0.4436,0.7381
110.0,343,443,445,15,0.9581,0.5011,0.4364,0.5997,0.4306,0.7296
120.0,343,457,431,15,0.9581,0.4854,0.4288,0.5924,0.4186,0.7217
130.0,343,474,414,15,0.9581,0.4662,0.4198,0.5838,0.4041,0.7122
140.0,343,480,408,15,0.9581,0.4595,0.4168,0.5809,0.399,0.7088
150.0,344,486,402,14,0.9609,0.4527,0.4145,0.5791,0.3969,0.7068
160.0,344,492,396,14,0.9609,0.4459,0.4115,0.5762,0.3918,0.7034
170.0,344,502,386,14,0.9609,0.4347,0.4066,0.5714,0.3834,0.6978
180.0,344,505,383,14,0.9609,0.4313,0.4052,0.57,0.3809,0.6961
190.0,344,509,379,14,0.9609,0.4268,0.4033,0.5681,0.3775,0.6938
200.0,344,512,376,14,0.9609,0.4234,0.4019,0.5667,0.375,0.6922
210.0,344,515,373,14,0.9609,0.42,0.4005,0.5653,0.3725,0.6905
220.0,344,516,372,14,0.9609,0.4189,0.4,0.5649,0.3717,0.6899
230.0,344,518,370,14,0.9609,0.4167,0.3991,0.5639,0.37,0.6888
260.0,345,519,369,13,0.9637,0.4155,0.3993,0.5646,0.3722,0.6896
270.0,345,523,365,13,0.9637,0.411,0.3975,0.5628,0.3689,0.6874
280.0,345,524,364,13,0.9637,0.4099,0.397,0.5623,0.368,0.6868
290.0,346,525,363,12,0.9665,0.4088,0.3972,0.5631,0.3702,0.6876
310.0,346,526,362,12,0.9665,0.4077,0.3968,0.5626,0.3694,0.6871
320.0,346,527,361,12,0.9665,0.4065,0.3963,0.5621,0.3686,0.6865
360.0,351,527,361,7,0.9804,0.4065,0.3998,0.568,0.3839,0.6935
370.0,351,529,359,7,0.9804,0.4043,0.3989,0.567,0.3822,0.6924
390.0,351,530,358,7,0.9804,0.4032,0.3984,0.5666,0.3814,0.6918
400.0,351,531,357,7,0.9804,0.402,0.398,0.5661,0.3806,0.6912
450.0,351,532,356,7,0.9804,0.4009,0.3975,0.5657,0.3798,0.6907
460.0,351,533,355,7,0.9804,0.3998,0.3971,0.5652,0.379,0.6901
470.0,351,534,354,7,0.9804,0.3986,0.3966,0.5648,0.3782,0.6895
480.0,351,535,353,7,0.9804,0.3975,0.3962,0.5643,0.3773,0.689
490.0,351,536,352,7,0.9804,0.3964,0.3957,0.5639,0.3765,0.6884
520.0,351,537,351,7,0.9804,0.3953,0.3953,0.5634,0.3757,0.6879
570.0,351,538,350,7,0.9804,0.3941,0.3948,0.563,0.3749,0.6873
610.0,351,539,349,7,0.9804,0.393,0.3944,0.5625,0.3741,0.6867
650.0,351,540,348,7,0.9804,0.3919,0.3939,0.562,0.3733,0.6862
740.0,351,541,347,7,0.9804,0.3908,0.3935,0.5616,0.3725,0.6856
770.0,351,542,346,7,0.9804,0.3896,0.3931,0.5612,0.3717,0.685
810.0,351,543,345,7,0.9804,0.3885,0.3926,0.5607,0.3708,0.6845
840.0,351,544,344,7,0.9804,0.3874,0.3922,0.5603,0.37,0.6839
860.0,351,546,342,7,0.9804,0.3851,0.3913,0.5594,0.3684,0.6828
890.0,351,647,241,7,0.9804,0.2714,0.3517,0.5177,0.2854,0.6259
